firstName,lastName,email,phone,country
Dud,Ishak,dishak0@alexa.com,970-613-2617,Ukraine
Jolyn,Bragg,jbragg1@go.com,614-319-7266,United States
Sallie,Gaw,sgaw2@mit.edu,997-395-9270,France
Belle,De Biasi,bdebiasi3@ucla.edu,592-563-0424,Democratic Republic of the Congo
Bing,Filov,bfilov4@engadget.com,343-984-1150,Indonesia
West,Douberday,wdouberday5@mozilla.org,615-444-4318,Brazil
Marion,Northridge,mnorthridge6@newsvine.com,149-504-2848,Dominican Republic
Hillary,Whittle,hwhittle7@free.fr,800-103-2454,China
Standford,Semour,ssemour8@live.com,442-441-9317,Indonesia
Babs,Orridge,borridge9@exblog.jp,654-596-4163,Netherlands
Arliene,Dunnett,adunnetta@microsoft.com,799-950-8349,China
Anabal,Bick,abickb@icq.com,100-307-6924,Ukraine
Thelma,Hoodlass,thoodlassc@ucsd.edu,627-566-6711,China
Othello,Sperrett,osperrettd@feedburner.com,326-887-9247,France
Kristal,Herche,kherchee@cbslocal.com,928-973-7589,China
Archibaldo,Goldberg,agoldbergf@ted.com,733-212-0386,Brazil
Traver,Sutheran,tsutherang@wired.com,231-864-6056,Bosnia and Herzegovina
Noelani,Baggally,nbaggallyh@discuz.net,641-445-0261,Brazil
